<?xml version="1.0" encoding="UTF-8"?>
<project-private xmlns="http://www.netbeans.org/ns/project-private/1">
    <editor-bookmarks xmlns="http://www.netbeans.org/ns/editor-bookmarks/2" lastBookmarkId="0"/>
    <open-files xmlns="http://www.netbeans.org/ns/projectui-open-files/2">
        <group>
            <file>file:/C:/Users/Stavros/Google%20Drive/School/Spring%202018/Object%20Oriented%20Programing/Spades/src/core/Deck.java</file>
            <file>file:/C:/Users/Stavros/Google%20Drive/School/Spring%202018/Object%20Oriented%20Programing/Spades/src/core/Game.java</file>
            <file>file:/C:/Users/Stavros/Google%20Drive/School/Spring%202018/Object%20Oriented%20Programing/Spades/src/constants/Constants.java</file>
            <file>file:/C:/Users/Stavros/Google%20Drive/School/Spring%202018/Object%20Oriented%20Programing/Spades/src/core/Team.java</file>
            <file>file:/C:/Users/Stavros/Google%20Drive/School/Spring%202018/Object%20Oriented%20Programing/Spades/src/core/Player.java</file>
        </group>
    </open-files>
</project-private>
